"Story","Title","Result","Date","Stability","Duration (s)"
"Classificação do Triângulo","Triângulo Equilátero com o maior valor permitido para cada lado","SUCCESS","2025-04-16T01:12:43.474545308-03:00[America/Sao_Paulo]","0.0","0.05"
"Classificação do Triângulo","Triângulo Isósceles com um lado no limite inferior e os demais no limite superior","SUCCESS","2025-04-16T01:12:43.579237107-03:00[America/Sao_Paulo]","0.0","0.07"
"Classificação do Triângulo","Triângulo Escaleno com dois lados próximos do limite superior e um pouco maior que o mínimo","SUCCESS","2025-04-16T01:12:43.715384007-03:00[America/Sao_Paulo]","0.0","0.07"
"Classificação do Triângulo","Um dos lados está abaixo do limite mínimo","SUCCESS","2025-04-16T01:12:44.123681805-03:00[America/Sao_Paulo]","0.0","0.1"
"Classificação do Triângulo","Um dos lados está acima do limite máximo","SUCCESS","2025-04-16T01:12:44.297596405-03:00[America/Sao_Paulo]","0.0","0.04"
"Classificação do Triângulo","Dois ou mais lados fora do intervalo permitido","SUCCESS","2025-04-16T01:12:44.363610405-03:00[America/Sao_Paulo]","0.0","0.1"
"Classificação do Triângulo","Triângulo escaleno clássico","SUCCESS","2025-04-16T01:12:44.505550604-03:00[America/Sao_Paulo]","0.0","0.08"
"Classificação do Triângulo","Bordas da Desigualdade - Caso 2 (9, 20, 30)","SUCCESS","2025-04-16T01:12:44.832787803-03:00[America/Sao_Paulo]","0.0","0.08"
"Classificação do Triângulo","Bordas da Desigualdade - Caso 3 (11, 20, 30)","SUCCESS","2025-04-16T01:12:44.998748802-03:00[America/Sao_Paulo]","0.0","0.12"
